{
  "alpha": 1.0,
  "batch_size": 32,
  "learning_rate": 0.00025772819358845086,
  "weight_decay": 9.983123755770003e-06
}