{
  "alpha": 1.0,
  "batch_size": 16,
  "learning_rate": 0.0005512691890738535,
  "weight_decay": 3.7590780251267597e-06
}