{
  "alpha": 1.0,
  "batch_size": 32,
  "learning_rate": 0.0002448210822269786,
  "weight_decay": 5.527320317293285e-06
}