{
  "alpha": 1.2972260803600522,
  "batch_size": 32,
  "learning_rate": 0.0028337873327836747,
  "weight_decay": 0.0004348114539860489
}