{
  "alpha": 1.0,
  "batch_size": 64,
  "learning_rate": 0.00010350277493385575,
  "weight_decay": 4.189549672370569e-06
}