{
  "alpha": 1.0,
  "batch_size": 32,
  "learning_rate": 0.0001080907524384716,
  "weight_decay": 3.656254272495348e-05
}