{
  "alpha": 1.3877184620494545,
  "batch_size": 32,
  "learning_rate": 0.0024589532317160013,
  "weight_decay": 3.193493760210034e-05
}