{
  "alpha": 1.0,
  "batch_size": 32,
  "learning_rate": 0.00024385652878065937,
  "weight_decay": 3.7475992613877997e-06
}