{
  "alpha": 1.0,
  "batch_size": 32,
  "learning_rate": 0.00021939542128721044,
  "weight_decay": 4.363697360459111e-05
}