{
  "alpha": 1.0,
  "batch_size": 32,
  "learning_rate": 0.00020189345531791317,
  "weight_decay": 1.5771057703408063e-05
}