{
  "alpha": 1.0,
  "batch_size": 64,
  "learning_rate": 0.0002711334728177936,
  "weight_decay": 5.968792853452309e-06
}