{
  "alpha": 1.0,
  "batch_size": 64,
  "learning_rate": 0.0008468748296244216,
  "weight_decay": 9.656301893370571e-06
}