{
  "alpha": 0.9297653582762606,
  "batch_size": 16,
  "learning_rate": 6.266274867428726e-05,
  "weight_decay": 5.802154478592399e-05
}