{
  "alpha": 1.0,
  "batch_size": 32,
  "learning_rate": 0.0003305680984801489,
  "weight_decay": 1.5562746842784466e-05
}