{
  "alpha": 1.0,
  "batch_size": 64,
  "learning_rate": 0.0005397737468388149,
  "weight_decay": 4.590946854139114e-05
}