{
  "alpha": 1.8292479946022302,
  "batch_size": 16,
  "learning_rate": 0.00027160191064628603,
  "weight_decay": 0.0008561883427869213
}