{
  "alpha": 0.6468290895432633,
  "batch_size": 32,
  "learning_rate": 0.00013263028141496935,
  "weight_decay": 0.00044097346767999705
}