{
  "alpha": 1.435291118456653,
  "batch_size": 16,
  "learning_rate": 0.00019827994026754714,
  "weight_decay": 9.481289659981462e-06
}