{
  "alpha": 1.9529033875126842,
  "batch_size": 32,
  "learning_rate": 0.00029842389655116076,
  "weight_decay": 8.08449874178282e-05
}