{
  "alpha": 1.3537099358831233,
  "batch_size": 32,
  "learning_rate": 0.0016595572669983504,
  "weight_decay": 1.5183208528670541e-05
}