{
  "alpha": 1.1280302266720368,
  "batch_size": 64,
  "learning_rate": 0.0001366472803500862,
  "weight_decay": 0.00036020447751866977
}