{
  "alpha": 1.0,
  "batch_size": 64,
  "learning_rate": 0.00011205471636827235,
  "weight_decay": 9.181210095852806e-05
}