{
  "alpha": 1.0,
  "batch_size": 32,
  "learning_rate": 0.0007970964832739915,
  "weight_decay": 4.485842662964417e-06
}