{
  "alpha": 1.0,
  "batch_size": 64,
  "learning_rate": 0.0005418412275425325,
  "weight_decay": 5.94802803604541e-05
}