{
  "alpha": 1.0,
  "batch_size": 16,
  "learning_rate": 0.0005679504236118828,
  "weight_decay": 2.0028322212383282e-05
}