{
  "alpha": 0.5014627821769455,
  "batch_size": 32,
  "learning_rate": 0.0006373548875507698,
  "weight_decay": 1.2319555843109672e-06
}