{
  "alpha": 1.0,
  "batch_size": 16,
  "learning_rate": 0.0009662123413825531,
  "weight_decay": 8.37292730574024e-05
}