{
  "alpha": 0.889497288247281,
  "batch_size": 32,
  "learning_rate": 0.00010116126304352793,
  "weight_decay": 3.106118304958793e-05
}