{
  "alpha": 1.0,
  "batch_size": 64,
  "learning_rate": 0.0004211491330662584,
  "weight_decay": 1.041286768285718e-06
}