{
  "alpha": 1.0,
  "batch_size": 32,
  "learning_rate": 0.00036643710941020453,
  "weight_decay": 3.6193272888233606e-06
}