{
  "alpha": 1.0,
  "batch_size": 32,
  "learning_rate": 0.0006550645313212907,
  "weight_decay": 6.176519039234962e-05
}