{
  "alpha": 1.364407951176981,
  "batch_size": 16,
  "learning_rate": 0.001143231463354443,
  "weight_decay": 0.00015883173754765667
}