{
  "alpha": 1.0,
  "batch_size": 32,
  "learning_rate": 0.0006154540183381793,
  "weight_decay": 3.2234645409958366e-06
}