{
  "alpha": 0.9878480154832074,
  "batch_size": 64,
  "learning_rate": 0.000846375836495451,
  "weight_decay": 0.0004066619798255618
}