{
  "alpha": 1.0,
  "batch_size": 32,
  "learning_rate": 0.00048543644868008013,
  "weight_decay": 3.764327852823929e-06
}