{
  "alpha": 1.0,
  "batch_size": 32,
  "learning_rate": 0.0006984730321605117,
  "weight_decay": 2.335716420362884e-06
}