{
  "alpha": 1.0,
  "batch_size": 64,
  "learning_rate": 0.0004943554447868209,
  "weight_decay": 8.47143173638297e-05
}