{
  "alpha": 0.7357041109521028,
  "batch_size": 32,
  "learning_rate": 3.939306392334173e-05,
  "weight_decay": 3.138014169672635e-06
}