{
  "alpha": 1.1751483719382583,
  "batch_size": 16,
  "learning_rate": 0.001198985559878256,
  "weight_decay": 1.1194707105357575e-06
}