{
  "alpha": 0.953369487297222,
  "batch_size": 16,
  "learning_rate": 0.001966147346329061,
  "weight_decay": 0.0001372087011127037
}