{
  "alpha": 1.1876503622803551,
  "batch_size": 16,
  "learning_rate": 0.00012103460973414422,
  "weight_decay": 2.8810848254509436e-05
}