{
  "alpha": 0.7331842275098153,
  "batch_size": 16,
  "learning_rate": 2.5105151670166495e-05,
  "weight_decay": 1.9971098604677397e-06
}