{
  "alpha": 0.8637189409630689,
  "batch_size": 32,
  "learning_rate": 0.0006940645832605786,
  "weight_decay": 2.8033057595947994e-06
}