{
  "alpha": 1.0,
  "batch_size": 32,
  "learning_rate": 0.00021323018346976547,
  "weight_decay": 5.422010154067383e-05
}