{
  "alpha": 1.4623609666174215,
  "batch_size": 16,
  "learning_rate": 0.0012007110826918273,
  "weight_decay": 2.378819226096445e-06
}