{
  "alpha": 1.0,
  "batch_size": 64,
  "learning_rate": 0.00012690384284515566,
  "weight_decay": 6.912506893031972e-06
}