{
  "alpha": 1.2307338815843445,
  "batch_size": 16,
  "learning_rate": 0.00014171550347648288,
  "weight_decay": 0.00022567645799254936
}