{
  "alpha": 1.0,
  "batch_size": 64,
  "learning_rate": 0.0008099235882256107,
  "weight_decay": 7.000072393665213e-05
}