{
  "alpha": 1.0,
  "batch_size": 64,
  "learning_rate": 0.0007323589362758457,
  "weight_decay": 9.385097679604396e-05
}