{
  "alpha": 1.0,
  "batch_size": 32,
  "learning_rate": 0.0007349409929414164,
  "weight_decay": 8.212531739933829e-05
}