{
  "alpha": 1.5314259701074324,
  "batch_size": 16,
  "learning_rate": 1.5896647182421127e-05,
  "weight_decay": 0.0001446062616656661
}