{
  "alpha": 0.7990779218498003,
  "batch_size": 64,
  "learning_rate": 0.00010402219400072193,
  "weight_decay": 1.2909868027770672e-05
}