{
  "alpha": 1.0,
  "batch_size": 32,
  "learning_rate": 0.0007161646670341392,
  "weight_decay": 1.3088639407426647e-06
}