{
  "alpha": 1.0,
  "batch_size": 64,
  "learning_rate": 0.00015850753675317924,
  "weight_decay": 5.0835847996319435e-05
}