{
  "alpha": 1.0,
  "batch_size": 16,
  "learning_rate": 0.0007553707221720212,
  "weight_decay": 1.6824077180576626e-06
}