{
  "alpha": 1.0,
  "batch_size": 64,
  "learning_rate": 0.00016620170507763087,
  "weight_decay": 4.582208989931964e-06
}