{
  "alpha": 1.664209616579521,
  "batch_size": 32,
  "learning_rate": 0.00021280097622111588,
  "weight_decay": 8.342777480052335e-05
}