{
  "alpha": 1.331866329640565,
  "batch_size": 16,
  "learning_rate": 1.2853412113656886e-05,
  "weight_decay": 2.9774895525728646e-06
}