{
  "alpha": 1.0,
  "batch_size": 16,
  "learning_rate": 0.00013163937825148668,
  "weight_decay": 6.8646340660702826e-06
}