{
  "alpha": 1.4230804336717149,
  "batch_size": 16,
  "learning_rate": 0.0004597132690660423,
  "weight_decay": 7.440368769575705e-06
}