{
  "alpha": 1.0,
  "batch_size": 32,
  "learning_rate": 0.0005963049570410959,
  "weight_decay": 1.4276357207191845e-05
}